[{"_id":"6307b99b8648b315047933eb","Planning_ID":"19","Implementation_By":"Huawei","Project":"ABC P1","Site_ID":"gsg","Site_Name":"Thelijjavila 2","HO_Date":"2022-02-08","HO_Modification":"NA","Scope":"1. Miscellaneous HO Huawei2022","New_RAT":"G9L850","New_Sector":"Edit","Approval_Status":"Edit","Approval_Ref":"Edit","IMP_Scenario":"Edit","blank1":"Edit","blank2":"Edit","blank3":"Edit","Tilt":"Edit","Azimuth":"Edit","Antenna_Height":"Edit","New_RRU_Type":"Edit","RRU_From":"Edit","New_BTS_Type":"Edit","BTS_From":"Edit","New_Antenna_Type":"Edit","Antenna_From":"Edit","Cards_Type_n_From":"Edit","Battery_count_n_From":"Edit","Mobitel_Region":"Edit","Planning_Engineer":"Edit","On_Air_Target":"Invalid date","Planning_Comments":"Edit","Site_Engineer":"Suranga Gunawardhana","Assigned_Date":"2022-08-11","Special_Tag":"Not Applicable","Coordinator_Comments":"fedf","Sub_Contractor":"Suvitech","Site_Status":"On Air","Responsible":"N/A","Mobilization_Status":"Completed","Mobilized_Date":"2022-02-18","Installation_Status":"Completed","Installation_Date":"2022-02-19","Commissioning_Status":"Completed","Commisioned_Date":"2022-02-19","SAR_Status":"Pending","PAT_Status":"Pending","On_Air_Status":"Completed","Finance_Remarks":"Edit","__v":0,"createdAt":"2022-08-25T18:04:11.730Z","updatedAt":"2022-09-12T07:27:14.924Z","AWR_1":null,"AWR_2":null,"AWR_3":null,"Approval_Received_Date":"Invalid date","BOI_Approved":"Invalid date","Balance_Material_Returned_Date":"Invalid date","COW_Approved":"Invalid date","COW_Number":null,"COW_Submitted":"Invalid date","CPL_Approved":"Invalid date","CPL_Number":null,"CPL_Submitted":"Invalid date","Capitalization_Status":null,"Capitalized_Date":"Invalid date","Check_List_Submitted":"Invalid date","Check_List_Verified":"Invalid date","Civil_PAT_Date":"Invalid date","Dependencies_On_Air_Target":"Invalid date","Dependency":null,"ETA":"Invalid date","FAC_Approved":"Invalid date","FAC_Number":null,"FAC_Submitted":"Invalid date","HO_Modified_Date":"Invalid date","ICL_Approved":"Invalid date","IMP_PO_Issued":"Invalid date","IMP_PO_Number":null,"IMP_PR_Approved_Date":"Invalid date","IMP_PR_Number":null,"IMP_PR_Raised":"Invalid date","IMP_PR_Submitted":"Invalid date","Logistics_Remarks":null,"MCW_Completed_Date":"Invalid date","MCW_Requested_Date":"Invalid date","Material_Reconciled":"Invalid date","On_Air_Date":"2022-09-11","PAC_Invoice_Approved":"Invalid date","PAC_Invoice_Number":null,"PAC_Invoice_Submitted":"Invalid date","PAT_Pass_Date":"Invalid date","PAT_Reference":null,"PAT_Submitted":"Invalid date","PI_Approved_ENG":"Invalid date","PI_Number":null,"PI_Submitted":"Invalid date","PO_Closed_Date":"Invalid date","PO_Status":null,"Payment_Confirmed":"Invalid date","Payment_Method":null,"Port_Clearance":"Invalid date","Power_Connected_Date":"Invalid date","Received_To_Port":"Invalid date","SAQ_Clearance_Date":"Invalid date","SAR_Date":"Invalid date","SAR_Reference":null,"Sub_Contractor_Remarks":null,"Supply_BOQ_Approved":"Invalid date","Supply_BOQ_Submitted":"Invalid date","Supply_PO_Issued":"Invalid date","Supply_PO_Number":null,"Supply_PR_Approved_Date":"Invalid date","Supply_PR_Number":null,"Supply_PR_Raise":"Invalid date","Supply_PR_Status":null,"Supply_PR_Submitted":"Invalid date","TRC_Approved":"Invalid date","TSSR_Approved_Date":"Invalid date","TSSR_Referance":null,"TSSR_Submitted_Date":"Invalid date","TX_Connected_Date":"Invalid date","currentUser":"Admin Name"},{"_id":"6307b99b8648b315047933ee","Planning_ID":"38","Implementation_By":"ZTE","Project":"L850 P3","Site_ID":"uj57rj","Site_Name":"Petroleum Corporation","HO_Date":"2022-03-15","HO_Modification":"NA","Scope":"1. Miscellaneous HO Huawei2022","New_RAT":"3G RRU SWAP","New_Sector":"Edit","Approval_Status":"Edit","Approval_Ref":"Edit","IMP_Scenario":"Edit","blank1":"Edit","blank2":"Edit","blank3":"Edit","Tilt":"Edit","Azimuth":"Edit","Antenna_Height":"Edit","New_RRU_Type":"Edit","RRU_From":"Edit","New_BTS_Type":"Edit","BTS_From":"Edit","New_Antenna_Type":"Edit","Antenna_From":"Edit","Cards_Type_n_From":"Edit","Battery_count_n_From":"Edit","Mobitel_Region":"Edit","Planning_Engineer":"Edit","On_Air_Target":"Invalid date","Planning_Comments":"Edit","Site_Engineer":"Suranga Gunawardhana","Assigned_Date":"Invalid date","Special_Tag":"Not Applicable","Coordinator_Comments":"Done","Sub_Contractor":"Pending","Site_Status":"Installation Pending","Responsible":"Implementation","Mobilization_Status":"Pending","Installation_Status":"Installation Pending","Commissioning_Status":"Pending","SAR_Status":"Pending","PAT_Status":"Pending","On_Air_Status":"Pending","Finance_Remarks":"Edit","__v":0,"createdAt":"2022-08-25T18:04:11.731Z","updatedAt":"2022-09-05T07:01:53.487Z","AWR_1":null,"AWR_2":null,"AWR_3":null,"Approval_Received_Date":"Invalid date","BOI_Approved":"Invalid date","Balance_Material_Returned_Date":"Invalid date","COW_Approved":"Invalid date","COW_Number":null,"COW_Submitted":"Invalid date","CPL_Approved":"Invalid date","CPL_Number":null,"CPL_Submitted":"Invalid date","Capitalization_Status":null,"Capitalized_Date":"Invalid date","Check_List_Submitted":"Invalid date","Check_List_Verified":"Invalid date","Civil_PAT_Date":"Invalid date","Commisioned_Date":"Invalid date","Dependencies_On_Air_Target":"Invalid date","Dependency":null,"ETA":"Invalid date","FAC_Approved":"Invalid date","FAC_Number":null,"FAC_Submitted":"Invalid date","HO_Modified_Date":"Not Applicable","ICL_Approved":"Invalid date","IMP_PO_Issued":"Invalid date","IMP_PO_Number":null,"IMP_PR_Approved_Date":"Invalid date","IMP_PR_Number":null,"IMP_PR_Raised":"Invalid date","IMP_PR_Submitted":"Invalid date","Installation_Date":"Invalid date","Logistics_Remarks":null,"MCW_Completed_Date":"Invalid date","MCW_Requested_Date":"Invalid date","Material_Reconciled":"Invalid date","Mobilized_Date":"Invalid date","On_Air_Date":"Invalid date","PAC_Invoice_Approved":"Invalid date","PAC_Invoice_Number":null,"PAC_Invoice_Submitted":"Invalid date","PAT_Pass_Date":"Invalid date","PAT_Reference":null,"PAT_Submitted":"Invalid date","PI_Approved_ENG":"Invalid date","PI_Number":null,"PI_Submitted":"Invalid date","PO_Closed_Date":"Invalid date","PO_Status":null,"Payment_Confirmed":"Invalid date","Payment_Method":null,"Port_Clearance":"Invalid date","Power_Connected_Date":"Invalid date","Received_To_Port":"Invalid date","SAQ_Clearance_Date":"Invalid date","SAR_Date":"Invalid date","SAR_Reference":null,"Sub_Contractor_Remarks":null,"Supply_BOQ_Approved":"Invalid date","Supply_BOQ_Submitted":"Invalid date","Supply_PO_Issued":"Invalid date","Supply_PO_Number":null,"Supply_PR_Approved_Date":"Invalid date","Supply_PR_Number":null,"Supply_PR_Raise":"Invalid date","Supply_PR_Status":null,"Supply_PR_Submitted":"Invalid date","TRC_Approved":"Invalid date","TSSR_Approved_Date":"Invalid date","TSSR_Referance":null,"TSSR_Submitted_Date":"Invalid date","TX_Connected_Date":"Invalid date","currentUser":"Admin Name"},{"_id":"6307b99b8648b315047933ea","Planning_ID":"13","Implementation_By":"ZTE","Project":"L850 P3","Site_ID":"KUDUN1","Site_Name":"Dunumawa ","HO_Date":"2022-01-31","HO_Modification":"NA","Scope":"1. Miscellaneous HO Huawei2022","New_RAT":"G9L850","New_Sector":"Edit","Approval_Status":"Edit","Approval_Ref":"Edit","IMP_Scenario":"Edit","blank1":"Edit","blank2":"Edit","blank3":"Edit","Tilt":"Edit","Azimuth":"Edit","Antenna_Height":"Edit","New_RRU_Type":"Edit","RRU_From":"Edit","New_BTS_Type":"Edit","BTS_From":"Edit","New_Antenna_Type":"Edit","Antenna_From":"Edit","Cards_Type_n_From":"Edit","Battery_count_n_From":"Edit","Mobitel_Region":"Edit","Planning_Engineer":"Edit","On_Air_Target":"2022-03-07","Planning_Comments":"Edit","Site_Engineer":"Dumindu Chamikara","Assigned_Date":"2022-03-07","Special_Tag":"Not Applicable","Coordinator_Comments":"Done","Sub_Contractor":"Pending","Site_Status":"Installation Pending","Responsible":"Implementation","Mobilization_Status":"Pending","Installation_Status":"Installation Pending","Commissioning_Status":"Pending","SAR_Status":"Pending","PAT_Status":"Pending","On_Air_Status":"Completed","Finance_Remarks":"Edit","__v":0,"createdAt":"2022-08-25T18:04:11.730Z","updatedAt":"2022-09-09T11:21:53.528Z","AWR_1":null,"AWR_2":null,"AWR_3":null,"Approval_Received_Date":"Invalid date","BOI_Approved":"Invalid date","Balance_Material_Returned_Date":"Invalid date","COW_Approved":"Invalid date","COW_Number":null,"COW_Submitted":"Invalid date","CPL_Approved":"Invalid date","CPL_Number":null,"CPL_Submitted":"Invalid date","Capitalization_Status":null,"Capitalized_Date":"Invalid date","Check_List_Submitted":"Invalid date","Check_List_Verified":"Invalid date","Civil_PAT_Date":"Invalid date","Commisioned_Date":"Invalid date","Dependencies_On_Air_Target":"Invalid date","Dependency":null,"ETA":"Invalid date","FAC_Approved":"Invalid date","FAC_Number":null,"FAC_Submitted":"Invalid date","HO_Modified_Date":"Invalid date","ICL_Approved":"Invalid date","IMP_PO_Issued":"Invalid date","IMP_PO_Number":null,"IMP_PR_Approved_Date":"Invalid date","IMP_PR_Number":null,"IMP_PR_Raised":"Invalid date","IMP_PR_Submitted":"Invalid date","Installation_Date":"Invalid date","Logistics_Remarks":null,"MCW_Completed_Date":"Invalid date","MCW_Requested_Date":"Invalid date","Material_Reconciled":"Invalid date","Mobilized_Date":"Invalid date","On_Air_Date":"2022-09-09","PAC_Invoice_Approved":"Invalid date","PAC_Invoice_Number":null,"PAC_Invoice_Submitted":"Invalid date","PAT_Pass_Date":"Invalid date","PAT_Reference":null,"PAT_Submitted":"Invalid date","PI_Approved_ENG":"Invalid date","PI_Number":null,"PI_Submitted":"Invalid date","PO_Closed_Date":"Invalid date","PO_Status":null,"Payment_Confirmed":"Invalid date","Payment_Method":null,"Port_Clearance":"Invalid date","Power_Connected_Date":"Invalid date","Received_To_Port":"Invalid date","SAQ_Clearance_Date":"Invalid date","SAR_Date":"Invalid date","SAR_Reference":null,"Sub_Contractor_Remarks":null,"Supply_BOQ_Approved":"Invalid date","Supply_BOQ_Submitted":"Invalid date","Supply_PO_Issued":"Invalid date","Supply_PO_Number":null,"Supply_PR_Approved_Date":"Invalid date","Supply_PR_Number":null,"Supply_PR_Raise":"Invalid date","Supply_PR_Status":null,"Supply_PR_Submitted":"Invalid date","TRC_Approved":"Invalid date","TSSR_Approved_Date":"Invalid date","TSSR_Referance":null,"TSSR_Submitted_Date":"Invalid date","TX_Connected_Date":"Invalid date","currentUser":"Admin Name"},{"_id":"6307b99b8648b315047933ef","Planning_ID":"22","Implementation_By":"ZTE","Project":"L850 P3","Site_ID":"COL579","Site_Name":"LCC081 Galle Face Pole4","HO_Date":"2022-02-22","HO_Modification":"NA","Scope":"1. Miscellaneous HO Huawei2022","New_RAT":"5G sector","New_Sector":"Edit","Approval_Status":"Edit","Approval_Ref":"Edit","IMP_Scenario":"Edit","blank1":"Edit","blank2":"Edit","blank3":"Edit","Tilt":"Edit","Azimuth":"Edit","Antenna_Height":"Edit","New_RRU_Type":"Edit","RRU_From":"Edit","New_BTS_Type":"Edit","BTS_From":"Edit","New_Antenna_Type":"Edit","Antenna_From":"Edit","Cards_Type_n_From":"Edit","Battery_count_n_From":"Edit","Mobitel_Region":"Edit","Planning_Engineer":"Edit","On_Air_Target":"2022-03-16","Planning_Comments":"Edit","Site_Engineer":"Yomal Kodagoda","Assigned_Date":"2022-03-16","Special_Tag":"Not Applicable","Coordinator_Comments":"Done","Sub_Contractor":"DAR","Site_Status":"On Air","Responsible":"N/A","Mobilization_Status":"Completed","Mobilized_Date":"2022-03-17","Installation_Status":"Completed","Installation_Date":"2022-03-22","Commissioning_Status":"Completed","Commisioned_Date":"2022-03-22","SAR_Status":"Pending","PAT_Status":"Pending","On_Air_Status":"Completed","Finance_Remarks":"Edit","__v":0,"createdAt":"2022-08-25T18:04:11.731Z","updatedAt":"2022-09-09T11:22:02.812Z","AWR_1":null,"AWR_2":null,"AWR_3":null,"Approval_Received_Date":"Invalid date","BOI_Approved":"Invalid date","Balance_Material_Returned_Date":"Invalid date","COW_Approved":"Invalid date","COW_Number":null,"COW_Submitted":"Invalid date","CPL_Approved":"Invalid date","CPL_Number":null,"CPL_Submitted":"Invalid date","Capitalization_Status":null,"Capitalized_Date":"Invalid date","Check_List_Submitted":"Invalid date","Check_List_Verified":"Invalid date","Civil_PAT_Date":"Invalid date","Dependencies_On_Air_Target":"Invalid date","Dependency":null,"ETA":"Invalid date","FAC_Approved":"Invalid date","FAC_Number":null,"FAC_Submitted":"Invalid date","HO_Modified_Date":"Invalid date","ICL_Approved":"Invalid date","IMP_PO_Issued":"Invalid date","IMP_PO_Number":null,"IMP_PR_Approved_Date":"Invalid date","IMP_PR_Number":null,"IMP_PR_Raised":"Invalid date","IMP_PR_Submitted":"Invalid date","Logistics_Remarks":null,"MCW_Completed_Date":"Invalid date","MCW_Requested_Date":"Invalid date","Material_Reconciled":"Invalid date","On_Air_Date":"2022-09-11","PAC_Invoice_Approved":"Invalid date","PAC_Invoice_Number":null,"PAC_Invoice_Submitted":"Invalid date","PAT_Pass_Date":"Invalid date","PAT_Reference":null,"PAT_Submitted":"Invalid date","PI_Approved_ENG":"Invalid date","PI_Number":null,"PI_Submitted":"Invalid date","PO_Closed_Date":"Invalid date","PO_Status":null,"Payment_Confirmed":"Invalid date","Payment_Method":null,"Port_Clearance":"Invalid date","Power_Connected_Date":"Invalid date","Received_To_Port":"Invalid date","SAQ_Clearance_Date":"Invalid date","SAR_Date":"Invalid date","SAR_Reference":null,"Sub_Contractor_Remarks":null,"Supply_BOQ_Approved":"Invalid date","Supply_BOQ_Submitted":"Invalid date","Supply_PO_Issued":"Invalid date","Supply_PO_Number":null,"Supply_PR_Approved_Date":"Invalid date","Supply_PR_Number":null,"Supply_PR_Raise":"Invalid date","Supply_PR_Status":null,"Supply_PR_Submitted":"Invalid date","TRC_Approved":"Invalid date","TSSR_Approved_Date":"Invalid date","TSSR_Referance":null,"TSSR_Submitted_Date":"Invalid date","TX_Connected_Date":"Invalid date","currentUser":"Admin Name"},{"_id":"6307b99b8648b315047933ec","Planning_ID":"39","Implementation_By":"ZTE","Project":"L850 P3","Site_ID":"IBPPL1","Site_Name":"Peoples Bank HO","HO_Date":"2022-03-15","HO_Modification":"NA","Scope":"1. Miscellaneous HO Huawei2022","New_RAT":"3G RRU SWAP","New_Sector":"Edit","Approval_Status":"Edit","Approval_Ref":"Edit","IMP_Scenario":"Edit","blank1":"Edit","blank2":"Edit","blank3":"Edit","Tilt":"Edit","Azimuth":"Edit","Antenna_Height":"Edit","New_RRU_Type":"Edit","RRU_From":"Edit","New_BTS_Type":"Edit","BTS_From":"Edit","New_Antenna_Type":"Edit","Antenna_From":"Edit","Cards_Type_n_From":"Edit","Battery_count_n_From":"Edit","Mobitel_Region":"Edit","Planning_Engineer":"Edit","On_Air_Target":"2022-04-02","Planning_Comments":"Edit","Site_Engineer":"Suranga Gunawardhana","Assigned_Date":"2022-04-02","Special_Tag":"Not Applicable","Coordinator_Comments":"Done","Sub_Contractor":"Pending","Site_Status":"On Air","Responsible":"N/A","Mobilization_Status":"Pending","Installation_Status":"Installation Pending","Commissioning_Status":"Pending","SAR_Status":"Pending","PAT_Status":"Pending","On_Air_Status":"Completed","Finance_Remarks":"Edit","__v":0,"createdAt":"2022-08-25T18:04:11.730Z","updatedAt":"2022-09-09T11:22:08.360Z","AWR_1":null,"AWR_2":null,"AWR_3":null,"Approval_Received_Date":"Invalid date","BOI_Approved":"Invalid date","Balance_Material_Returned_Date":"Invalid date","COW_Approved":"Invalid date","COW_Number":null,"COW_Submitted":"Invalid date","CPL_Approved":"Invalid date","CPL_Number":null,"CPL_Submitted":"Invalid date","Capitalization_Status":null,"Capitalized_Date":"Invalid date","Check_List_Submitted":"Invalid date","Check_List_Verified":"Invalid date","Civil_PAT_Date":"Invalid date","Commisioned_Date":"Invalid date","Dependencies_On_Air_Target":"Invalid date","Dependency":null,"ETA":"Invalid date","FAC_Approved":"Invalid date","FAC_Number":null,"FAC_Submitted":"Invalid date","HO_Modified_Date":"Invalid date","ICL_Approved":"Invalid date","IMP_PO_Issued":"Invalid date","IMP_PO_Number":null,"IMP_PR_Approved_Date":"Invalid date","IMP_PR_Number":null,"IMP_PR_Raised":"Invalid date","IMP_PR_Submitted":"Invalid date","Installation_Date":"Invalid date","Logistics_Remarks":null,"MCW_Completed_Date":"Invalid date","MCW_Requested_Date":"Invalid date","Material_Reconciled":"Invalid date","Mobilized_Date":"Invalid date","On_Air_Date":"2022-09-12","PAC_Invoice_Approved":"Invalid date","PAC_Invoice_Number":null,"PAC_Invoice_Submitted":"Invalid date","PAT_Pass_Date":"Invalid date","PAT_Reference":null,"PAT_Submitted":"Invalid date","PI_Approved_ENG":"Invalid date","PI_Number":null,"PI_Submitted":"Invalid date","PO_Closed_Date":"Invalid date","PO_Status":null,"Payment_Confirmed":"Invalid date","Payment_Method":null,"Port_Clearance":"Invalid date","Power_Connected_Date":"Invalid date","Received_To_Port":"Invalid date","SAQ_Clearance_Date":"Invalid date","SAR_Date":"Invalid date","SAR_Reference":null,"Sub_Contractor_Remarks":null,"Supply_BOQ_Approved":"Invalid date","Supply_BOQ_Submitted":"Invalid date","Supply_PO_Issued":"Invalid date","Supply_PO_Number":null,"Supply_PR_Approved_Date":"Invalid date","Supply_PR_Number":null,"Supply_PR_Raise":"Invalid date","Supply_PR_Status":null,"Supply_PR_Submitted":"Invalid date","TRC_Approved":"Invalid date","TSSR_Approved_Date":"Invalid date","TSSR_Referance":null,"TSSR_Submitted_Date":"Invalid date","TX_Connected_Date":"Invalid date","currentUser":"Admin Name"},{"_id":"6307b99b8648b315047933f2","Planning_ID":"11","Implementation_By":"ZTE","Project":"L850 P3","Site_ID":"KUKTG1","Site_Name":"Katugampalagama","HO_Date":"2022-01-31","HO_Modification":"NA","Scope":"1. Miscellaneous HO Huawei2022","New_RAT":"G9L850","New_Sector":"Edit","Approval_Status":"Edit","Approval_Ref":"Edit","IMP_Scenario":"Edit","blank1":"Edit","blank2":"Edit","blank3":"Edit","Tilt":"Edit","Azimuth":"Edit","Antenna_Height":"Edit","New_RRU_Type":"Edit","RRU_From":"Edit","New_BTS_Type":"Edit","BTS_From":"Edit","New_Antenna_Type":"Edit","Antenna_From":"Edit","Cards_Type_n_From":"Edit","Battery_count_n_From":"Edit","Mobitel_Region":"Edit","Planning_Engineer":"Edit","On_Air_Target":"2022-03-05","Planning_Comments":"Edit","Site_Engineer":"Dumindu Chamikara","Assigned_Date":"2022-03-05","Special_Tag":"Not Applicable","Coordinator_Comments":"Done","Sub_Contractor":"Pending","Site_Status":"Installation Pending","Responsible":"Implementation","Mobilization_Status":"Pending","Installation_Status":"Installation Pending","Commissioning_Status":"Pending","SAR_Status":"Pending","PAT_Status":"Pending","On_Air_Status":"Pending","Finance_Remarks":"Edit","__v":0,"createdAt":"2022-08-25T18:04:11.732Z","updatedAt":"2022-08-25T18:04:11.732Z"},{"_id":"6307b99b8648b315047933e9","Planning_ID":"9","Implementation_By":"ZTE","Project":"L850 P3","Site_ID":"ZHOM28","Site_Name":"Panagoda__Army_camp","HO_Date":"2022-01-21","HO_Modification":"NA","Scope":"1. Miscellaneous HO Huawei2022","New_RAT":"Antenna Rearrangement","New_Sector":"Edit","Approval_Status":"Edit","Approval_Ref":"Edit","IMP_Scenario":"Edit","blank1":"Edit","blank2":"Edit","blank3":"Edit","Tilt":"Edit","Azimuth":"Edit","Antenna_Height":"Edit","New_RRU_Type":"Edit","RRU_From":"Edit","New_BTS_Type":"Edit","BTS_From":"Edit","New_Antenna_Type":"Edit","Antenna_From":"Edit","Cards_Type_n_From":"Edit","Battery_count_n_From":"Edit","Mobitel_Region":"Edit","Planning_Engineer":"Edit","On_Air_Target":"2022-03-03","Planning_Comments":"Edit","Site_Engineer":"Suranga Gunawardhana","Assigned_Date":"2022-03-03","Special_Tag":"Not Applicable","Coordinator_Comments":"Done","Sub_Contractor":"L & H","Site_Status":"PAT Pending","Dependency":"PAT Pending","Responsible":"SE","Mobilization_Status":"Completed","Mobilized_Date":"2022-03-23","Installation_Status":"Completed","Installation_Date":"2022-03-23","Commissioning_Status":"Completed","Commisioned_Date":"2022-03-23","SAR_Status":"Pending","PAT_Status":"Pending","On_Air_Status":"Pending","Finance_Remarks":"Edit","__v":0,"createdAt":"2022-08-25T18:04:11.730Z","updatedAt":"2022-09-12T08:40:47.675Z","AWR_1":null,"AWR_2":null,"AWR_3":null,"Approval_Received_Date":"Invalid date","BOI_Approved":"Invalid date","Balance_Material_Returned_Date":"Invalid date","COW_Approved":"Invalid date","COW_Number":null,"COW_Submitted":"Invalid date","CPL_Approved":"Invalid date","CPL_Number":null,"CPL_Submitted":"Invalid date","Capitalization_Status":null,"Capitalized_Date":"Invalid date","Check_List_Submitted":"Invalid date","Check_List_Verified":"2022-08-31","Civil_PAT_Date":"Invalid date","Dependencies_On_Air_Target":"Invalid date","ETA":"Invalid date","FAC_Approved":"Invalid date","FAC_Number":null,"FAC_Submitted":"Invalid date","HO_Modified_Date":"Invalid date","ICL_Approved":"Invalid date","IMP_PO_Issued":"Invalid date","IMP_PO_Number":null,"IMP_PR_Approved_Date":"Invalid date","IMP_PR_Number":null,"IMP_PR_Raised":"Invalid date","IMP_PR_Submitted":"Invalid date","Logistics_Remarks":null,"MCW_Completed_Date":"Invalid date","MCW_Requested_Date":"Invalid date","Material_Reconciled":"Invalid date","On_Air_Date":"Invalid date","PAC_Invoice_Approved":"Invalid date","PAC_Invoice_Number":null,"PAC_Invoice_Submitted":"Invalid date","PAT_Pass_Date":"Invalid date","PAT_Reference":null,"PAT_Submitted":"Invalid date","PI_Approved_ENG":"Invalid date","PI_Number":null,"PI_Submitted":"Invalid date","PO_Closed_Date":"Invalid date","PO_Status":null,"Payment_Confirmed":"Invalid date","Payment_Method":null,"Port_Clearance":"Invalid date","Power_Connected_Date":"Invalid date","Received_To_Port":"Invalid date","SAQ_Clearance_Date":"Invalid date","SAR_Date":"Invalid date","SAR_Reference":null,"Sub_Contractor_Remarks":null,"Supply_BOQ_Approved":"Invalid date","Supply_BOQ_Submitted":"Invalid date","Supply_PO_Issued":"Invalid date","Supply_PO_Number":null,"Supply_PR_Approved_Date":"Invalid date","Supply_PR_Number":null,"Supply_PR_Raise":"Invalid date","Supply_PR_Status":null,"Supply_PR_Submitted":"Invalid date","TRC_Approved":"Invalid date","TSSR_Approved_Date":"Invalid date","TSSR_Referance":null,"TSSR_Submitted_Date":"Invalid date","TX_Connected_Date":"Invalid date","currentUser":"Admin Name"},{"_id":"6307b99b8648b315047933f0","Planning_ID":"3","Implementation_By":"ZTE","Project":"L850 P3 ","Site_ID":"RTTKT1","Site_Name":"Kuttapitiya","HO_Date":"2022-01-12","HO_Modification":"NA","Scope":"1. Miscellaneous HO Huawei2022","New_RAT":"G9L850L21","New_Sector":"Edit","Approval_Status":"Edit","Approval_Ref":"Edit","IMP_Scenario":"Edit","blank1":"Edit","blank2":"Edit","blank3":"Edit","Tilt":"Edit","Azimuth":"Edit","Antenna_Height":"Edit","New_RRU_Type":"Edit","RRU_From":"Edit","New_BTS_Type":"Edit","BTS_From":"Edit","New_Antenna_Type":"Edit","Antenna_From":"Edit","Cards_Type_n_From":"Edit","Battery_count_n_From":"Edit","Mobitel_Region":"Edit","Planning_Engineer":"Edit","On_Air_Target":"2022-02-25","Planning_Comments":"Edit","Site_Engineer":"Yomal Kodagoda","Assigned_Date":"2022-02-25","Special_Tag":"Not Applicable","Coordinator_Comments":"Done","Sub_Contractor":"Intel","Site_Status":"PAT Pending","Responsible":"Project","Mobilization_Status":"Completed","Mobilized_Date":"2022-02-24","Installation_Status":"Completed","Installation_Date":"2022-02-24","Commissioning_Status":"Completed","Commisioned_Date":"2022-02-28","SAR_Status":"Pending","PAT_Status":"Pending","On_Air_Status":"Pending","Finance_Remarks":"Edit","__v":0,"createdAt":"2022-08-25T18:04:11.731Z","updatedAt":"2022-08-25T18:04:11.731Z"},{"_id":"6307b99b8648b315047933ed","Planning_ID":"47","Implementation_By":"ZTE","Project":"L850 P3","Site_ID":"GLAKM1","Site_Name":"Akmeemana","HO_Date":"2022-03-18","HO_Modification":"NA","Scope":"1. Miscellaneous HO Huawei2022","New_RAT":"L1800 4T4R","New_Sector":"Edit","Approval_Status":"Edit","Approval_Ref":"Edit","IMP_Scenario":"Edit","blank1":"Edit","blank2":"Edit","blank3":"Edit","Tilt":"Edit","Azimuth":"Edit","Antenna_Height":"Edit","New_RRU_Type":"Edit","RRU_From":"Edit","New_BTS_Type":"Edit","BTS_From":"Edit","New_Antenna_Type":"Edit","Antenna_From":"Edit","Cards_Type_n_From":"Edit","Battery_count_n_From":"Edit","Mobitel_Region":"Edit","Planning_Engineer":"Edit","On_Air_Target":"2022-04-10","Planning_Comments":"Edit","Site_Engineer":"Suranga Gunawardhana","Assigned_Date":"2022-04-10","Special_Tag":"Not Applicable","Coordinator_Comments":"Done","Sub_Contractor":"Pending","Site_Status":"Installation Pending","Responsible":"Approval","Mobilization_Status":"Pending","Installation_Status":"Installation Pending","Commissioning_Status":"Pending","SAR_Status":"Pending","PAT_Status":"Pending","On_Air_Status":"Pending","Finance_Remarks":"Edit","__v":0,"createdAt":"2022-08-25T18:04:11.731Z","updatedAt":"2022-08-25T18:04:11.731Z"},{"_id":"6307b99b8648b315047933f1","Planning_ID":"35","Implementation_By":"ZTE","Project":"L850 P3","Site_ID":"IBCOP1","Site_Name":"Ministry of Co-operatives and Internal Trade","HO_Date":"2022-03-15","HO_Modification":"NA","Scope":"1. Miscellaneous HO Huawei2022","New_RAT":"3G RRU SWAP","New_Sector":"Edit","Approval_Status":"Edit","Approval_Ref":"Edit","IMP_Scenario":"Edit","blank1":"Edit","blank2":"Edit","blank3":"Edit","Tilt":"Edit","Azimuth":"Edit","Antenna_Height":"Edit","New_RRU_Type":"Edit","RRU_From":"Edit","New_BTS_Type":"Edit","BTS_From":"Edit","New_Antenna_Type":"Edit","Antenna_From":"Edit","Cards_Type_n_From":"Edit","Battery_count_n_From":"Edit","Mobitel_Region":"Edit","Planning_Engineer":"Edit","On_Air_Target":"2022-03-29","Planning_Comments":"Edit","Site_Engineer":"Suranga Gunawardhana","Assigned_Date":"2022-03-29","Special_Tag":"Not Applicable","Coordinator_Comments":"Done","Sub_Contractor":"Pending","Site_Status":"Installation Pending","Responsible":"Implementation","Mobilization_Status":"Pending","Installation_Status":"Installation Pending","Commissioning_Status":"Pending","SAR_Status":"Pending","PAT_Status":"Pending","On_Air_Status":"Pending","Finance_Remarks":"Edit","__v":0,"createdAt":"2022-08-25T18:04:11.731Z","updatedAt":"2022-08-25T18:04:11.731Z"}]